<?xml version="1.0" encoding="UTF-8"?>
<!DOCTYPE mapper PUBLIC "-//mybatis.org//DTD Mapper 3.0//EN" "http://mybatis.org/dtd/mybatis-3-mapper.dtd">
<mapper namespace="com.api.mapper.ImgeMapper">

    <!-- 通用查询映射结果 -->
    <resultMap id="BaseResultMap" type="com.api.entity.Imge">
        <id column="id" property="id" />
        <result column="name" property="name" />
        <result column="sort" property="sort" />
        <result column="url" property="url" />
        <result column="create_time" property="createTime" />
        <result column="image_type" property="imageType" />
    </resultMap>

    <!-- 通用查询结果列 -->
    <sql id="Base_Column_List">
        id, name, sort, url, create_time, image_type
    </sql>

</mapper>
