<?xml version="1.0" encoding="UTF-8"?>
<!DOCTYPE mapper PUBLIC "-//mybatis.org//DTD Mapper 3.0//EN" "http://mybatis.org/dtd/mybatis-3-mapper.dtd">
<mapper namespace="com.api.mapper.UserDbMapper">

    <!-- 通用查询映射结果 -->
    <resultMap id="BaseResultMap" type="com.api.entity.UserDb">
        <id column="id" property="id" />
        <result column="user_name" property="userName" />
        <result column="password" property="password" />
        <result column="create_time" property="createTime" />
        <result column="update_time" property="updateTime" />
        <result column="phone" property="phone" />
    </resultMap>

</mapper>
